title,longitude,latitude,coord_type,metrotype2,metrotype,rgcurl,ak,geotable_id,poiID
"南锣鼓巷",116.409683,39.93984,38,11,3,http://bj.bendibao.com/ditie/zdnanluoguxiang.shtml,Ow5fqi6DQXmgD5PGSB7QBdHF,106989,933966497
"北海北",116.39289,39.939493,11,12,1,http://bj.bendibao.com/ditie/zdbeihaibei.shtml,Ow5fqi6DQXmgD5PGSB7QBdHF,106989,933966505
"什刹海",116.391622,39.940498,37,12,2,http://bj.bendibao.com/ditie/zdshishahai.shtml,Ow5fqi6DQXmgD5PGSB7QBdHF,106989,933966514
"张自忠路",116.423573,39.939914,15,10,2,http://bj.bendibao.com/ditie/zdzhangzizhonglu.shtml,Ow5fqi6DQXmgD5PGSB7QBdHF,106989,933966522
"鼓楼大街",116.40011,39.954724,40,11,1,http://bj.bendibao.com/ditie/zdguloudajie.shtml,Ow5fqi6DQXmgD5PGSB7QBdHF,106989,933966532
"北新桥",116.423298,39.947112,14,11,1,http://bj.bendibao.com/ditie/zdbeixinqiao.shtml,Ow5fqi6DQXmgD5PGSB7QBdHF,106989,933966542
"东四",116.423979,39.930667,39,11,3,http://bj.bendibao.com/ditie/zddongsi.shtml,Ow5fqi6DQXmgD5PGSB7QBdHF,106989,933966554
"安定门",116.414597,39.955441,17,12,1,http://bj.bendibao.com/ditie/zdandingmen.shtml,Ow5fqi6DQXmgD5PGSB7QBdHF,106989,933966566
"平安里",116.378635,39.939264,42,11,3,http://bj.bendibao.com/ditie/zdpinganli.shtml,Ow5fqi6DQXmgD5PGSB7QBdHF,106989,933966580
"西四",116.37993,39.930036,16,10,2,http://bj.bendibao.com/ditie/zdxisi.shtml,Ow5fqi6DQXmgD5PGSB7QBdHF,106989,933966592
"灯市口",116.424169,39.923603,41,11,2,http://bj.bendibao.com/ditie/zddengshikou.shtml,Ow5fqi6DQXmgD5PGSB7QBdHF,106989,933966600
"雍和宫",116.42312,39.955113,19,12,1,http://bj.bendibao.com/ditie/zdyonghegong.shtml,Ow5fqi6DQXmgD5PGSB7QBdHF,106989,933966610
"天安门东",116.407851,39.91408,45,12,2,http://bj.bendibao.com/ditie/zdtiananmendong.shtml,Ow5fqi6DQXmgD5PGSB7QBdHF,106989,933966622
"新街口",116.374132,39.94658,18,10,1,http://bj.bendibao.com/ditie/zdxinjiekou.shtml,Ow5fqi6DQXmgD5PGSB7QBdHF,106989,933966633
"灵境胡同",116.380223,39.922136,44,11,2,http://bj.bendibao.com/ditie/zdlingjinghutong.shtml,Ow5fqi6DQXmgD5PGSB7QBdHF,106989,933966644
"天安门西",116.39805,39.913776,4,10,3,http://bj.bendibao.com/ditie/zdtiananmenxi.shtml,Ow5fqi6DQXmgD5PGSB7QBdHF,106989,933966650
"积水潭",116.379185,39.954765,29,10,2,http://bj.bendibao.com/ditie/zdjishuitan.shtml,Ow5fqi6DQXmgD5PGSB7QBdHF,106989,933966657
"王府井",116.417796,39.914398,3,10,1,http://bj.bendibao.com/ditie/zdwangfujing.shtml,Ow5fqi6DQXmgD5PGSB7QBdHF,106989,933966668
"东四十条",116.440638,39.939841,28,10,2,http://bj.bendibao.com/ditie/zddongsishitiao.shtml,Ow5fqi6DQXmgD5PGSB7QBdHF,106989,933966677
"朝阳门",116.440635,39.930549,6,11,3,http://bj.bendibao.com/ditie/zdchaoyangmen.shtml,Ow5fqi6DQXmgD5PGSB7QBdHF,106989,933966690
"东单",116.425249,39.914504,31,10,1,http://bj.bendibao.com/ditie/zddongdan.shtml,Ow5fqi6DQXmgD5PGSB7QBdHF,106989,933966701
"东直门",116.441146,39.948223,5,11,1,http://bj.bendibao.com/ditie/zddongzhimen.shtml,Ow5fqi6DQXmgD5PGSB7QBdHF,106989,933966708
"和平里北街",116.425051,39.964752,30,10,1,http://bj.bendibao.com/ditie/zdhepinglibeijie.shtml,Ow5fqi6DQXmgD5PGSB7QBdHF,106989,933966716
"西单",116.382001,39.913329,8,12,2,http://bj.bendibao.com/ditie/zdxidan.shtml,Ow5fqi6DQXmgD5PGSB7QBdHF,106989,933966725
"前门",116.404276,39.906534,34,11,3,http://bj.bendibao.com/ditie/zdqianmen.shtml,Ow5fqi6DQXmgD5PGSB7QBdHF,106989,933966737
"车公庄",116.361834,39.938351,7,12,1,http://bj.bendibao.com/ditie/zdchegongzhuang.shtml,Ow5fqi6DQXmgD5PGSB7QBdHF,106989,933966747
"车公庄西",116.36169,39.938656,33,11,1,http://bj.bendibao.com/ditie/zdchegongzhuangxi.shtml,Ow5fqi6DQXmgD5PGSB7QBdHF,106989,933966763
"阜成门",116.362817,39.929522,10,10,1,http://bj.bendibao.com/ditie/zdfuchengmen.shtml,Ow5fqi6DQXmgD5PGSB7QBdHF,106989,933966772
"和平门",116.390619,39.906362,36,12,1,http://bj.bendibao.com/ditie/zdhepingmen.shtml,Ow5fqi6DQXmgD5PGSB7QBdHF,106989,933966782
"西直门",116.361442,39.946436,9,10,3,http://bj.bendibao.com/ditie/zdxizhimen.shtml,Ow5fqi6DQXmgD5PGSB7QBdHF,106989,933966794
"崇文门",116.424439,39.906953,35,12,3,http://bj.bendibao.com/ditie/zdchongwenmen.shtml,Ow5fqi6DQXmgD5PGSB7QBdHF,106989,933966807
"北京站",116.433608,39.911127,30,10,2,http://bj.bendibao.com/ditie/zdbeijingzhan.shtml,Ow5fqi6DQXmgD5PGSB7QBdHF,106989,933966818
"安华桥",116.401029,39.974865,6,12,1,http://bj.bendibao.com/ditie/zdanhuaqiao.shtml,Ow5fqi6DQXmgD5PGSB7QBdHF,106989,933966839
"柳芳",116.439265,39.964106,29,10,3,http://bj.bendibao.com/ditie/zdliufang.shtml,Ow5fqi6DQXmgD5PGSB7QBdHF,106989,933966860
"建国门",116.441789,39.914505,5,10,2,http://bj.bendibao.com/ditie/zdjianguomen.shtml,Ow5fqi6DQXmgD5PGSB7QBdHF,106989,933966871
"宣武门",116.380848,39.905881,32,10,3,http://bj.bendibao.com/ditie/zdxuanwumen.shtml,Ow5fqi6DQXmgD5PGSB7QBdHF,106989,933966890
"和平西桥",116.424463,39.974502,8,12,1,http://bj.bendibao.com/ditie/zdhepingxiqiao.shtml,Ow5fqi6DQXmgD5PGSB7QBdHF,106989,933966909
"复兴门",116.363762,39.913025,31,10,2,http://bj.bendibao.com/ditie/zdfuxinmen.shtml,Ow5fqi6DQXmgD5PGSB7QBdHF,106989,933966923
"磁器口",116.425336,39.899344,7,10,2,http://bj.bendibao.com/ditie/zdciqikou.shtml,Ow5fqi6DQXmgD5PGSB7QBdHF,106989,933966942
"东大桥",116.458252,39.928625,35,12,3,http://bj.bendibao.com/ditie/zddongdaqiao.shtml,Ow5fqi6DQXmgD5PGSB7QBdHF,106989,933966957
"长椿街",116.369911,39.90534,10,12,3,http://bj.bendibao.com/ditie/zdchangchunjie.shtml,Ow5fqi6DQXmgD5PGSB7QBdHF,106989,933966971
"南礼士路",116.359221,39.912979,33,12,3,http://bj.bendibao.com/ditie/zdnanlishilu.shtml,Ow5fqi6DQXmgD5PGSB7QBdHF,106989,933966988
"光熙门",116.438355,39.974474,9,11,3,http://bj.bendibao.com/ditie/zdguangeimen.shtml,Ow5fqi6DQXmgD5PGSB7QBdHF,106989,933966993
"北土城",116.400663,39.983255,37,10,2,http://bj.bendibao.com/ditie/zdbeitucheng.shtml,Ow5fqi6DQXmgD5PGSB7QBdHF,106989,933967000
"安贞门",116.412371,39.983322,12,11,2,http://bj.bendibao.com/ditie/zdanzhenmen.shtml,Ow5fqi6DQXmgD5PGSB7QBdHF,106989,933967012
"健德门",116.387816,39.982833,36,12,3,http://bj.bendibao.com/ditie/zdjiandemen.shtml,Ow5fqi6DQXmgD5PGSB7QBdHF,106989,933967025
"动物园",116.345204,39.943923,11,11,1,http://bj.bendibao.com/ditie/zddongwuyuan.shtml,Ow5fqi6DQXmgD5PGSB7QBdHF,106989,933967038
"菜市口",116.380973,39.895386,21,11,3,http://bj.bendibao.com/ditie/zdcaishikou.shtml,Ow5fqi6DQXmgD5PGSB7QBdHF,106989,933967049
"惠新西街南口",116.42404,39.983276,47,11,1,http://bj.bendibao.com/ditie/zdhuixinxijienankou.shtml,Ow5fqi6DQXmgD5PGSB7QBdHF,106989,933967064
"永安里",116.457089,39.914223,20,10,1,http://bj.bendibao.com/ditie/zdyonganli.shtml,Ow5fqi6DQXmgD5PGSB7QBdHF,106989,933967073
"牡丹园",116.376446,39.982371,46,11,1,http://bj.bendibao.com/ditie/zdmudanyuan.shtml,Ow5fqi6DQXmgD5PGSB7QBdHF,106989,933967085
"团结湖",116.468337,39.939382,24,12,1,http://bj.bendibao.com/ditie/zdtuanjiehu.shtml,Ow5fqi6DQXmgD5PGSB7QBdHF,106989,933967094
"呼家楼",116.468237,39.928981,49,12,3,http://bj.bendibao.com/ditie/zdhujialou.shtml,Ow5fqi6DQXmgD5PGSB7QBdHF,106989,933967109
"农业展览馆",116.468772,39.946988,22,10,2,http://bj.bendibao.com/ditie/zdnongyezhanlanguan.shtml,Ow5fqi6DQXmgD5PGSB7QBdHF,106989,933967117
"金台夕照",116.468282,39.922961,48,10,2,http://bj.bendibao.com/ditie/zdjintaixizhao.shtml,Ow5fqi6DQXmgD5PGSB7QBdHF,106989,933967130
"亮马桥",116.468743,39.955006,26,12,1,http://bj.bendibao.com/ditie/zdliangmaqiao.shtml,Ow5fqi6DQXmgD5PGSB7QBdHF,106989,933967141
"大钟寺",116.35182,39.972034,51,11,2,http://bj.bendibao.com/ditie/zddazhongsi.shtml,Ow5fqi6DQXmgD5PGSB7QBdHF,106989,933967150
"天坛东门",116.427392,39.888497,25,12,2,http://bj.bendibao.com/ditie/zdtiantandongmen.shtml,Ow5fqi6DQXmgD5PGSB7QBdHF,106989,933967163
"三元桥",116.463623,39.966406,50,10,1,http://bj.bendibao.com/ditie/zdsanyuanqiao.shtml,Ow5fqi6DQXmgD5PGSB7QBdHF,106989,933967181
"木樨地",116.344097,39.913125,28,11,2,http://bj.bendibao.com/ditie/zdmueidi.shtml,Ow5fqi6DQXmgD5PGSB7QBdHF,106989,933967196
"奥体中心",116.400191,39.992442,3,12,2,http://bj.bendibao.com/ditie/zdaotizhongxin.shtml,Ow5fqi6DQXmgD5PGSB7QBdHF,106989,933967210
"芍药居",116.443571,39.983549,27,12,3,http://bj.bendibao.com/ditie/zdshaoyaoju.shtml,Ow5fqi6DQXmgD5PGSB7QBdHF,106989,933967221
"国贸",116.467524,39.914319,52,12,3,http://bj.bendibao.com/ditie/zdguomao.shtml,Ow5fqi6DQXmgD5PGSB7QBdHF,106989,933967232
"太阳宫",116.454059,39.978367,48,12,1,http://bj.bendibao.com/ditie/zdtaiyanggong.shtml,Ow5fqi6DQXmgD5PGSB7QBdHF,106989,933967255
"西土城",116.360484,39.982026,23,12,3,http://bj.bendibao.com/ditie/zdxitucheng.shtml,Ow5fqi6DQXmgD5PGSB7QBdHF,106989,933967270
"白堆子",116.332359,39.929707,47,11,2,http://bj.bendibao.com/ditie/zdbaiduizi.shtml,Ow5fqi6DQXmgD5PGSB7QBdHF,106989,933967279
"国家图书馆",116.331897,39.948864,22,10,2,http://bj.bendibao.com/ditie/zdguojiatushuguan.shtml,Ow5fqi6DQXmgD5PGSB7QBdHF,106989,933967291
"陶然亭",116.380902,39.884625,50,10,2,http://bj.bendibao.com/ditie/zdtaoranting.shtml,Ow5fqi6DQXmgD5PGSB7QBdHF,106989,933967308
"惠新西街北口",116.423532,39.994151,25,10,2,http://bj.bendibao.com/ditie/zdhuixinxijiebeikou.shtml,Ow5fqi6DQXmgD5PGSB7QBdHF,106989,933967316
"知春路",116.347619,39.982065,49,10,2,http://bj.bendibao.com/ditie/zdzhichunlu.shtml,Ow5fqi6DQXmgD5PGSB7QBdHF,106989,933967330
"金台路",116.485062,39.928727,24,12,3,http://bj.bendibao.com/ditie/zdjintailu.shtml,Ow5fqi6DQXmgD5PGSB7QBdHF,106989,933967341
"魏公村",116.329874,39.963457,52,11,3,http://bj.bendibao.com/ditie/zdweigongcun.shtml,Ow5fqi6DQXmgD5PGSB7QBdHF,106989,933967348
"双井",116.468453,39.899186,28,10,3,http://bj.bendibao.com/ditie/zdshuangjing.shtml,Ow5fqi6DQXmgD5PGSB7QBdHF,106989,933967360
"军事博物馆",116.329314,39.913343,51,11,2,http://bj.bendibao.com/ditie/zdjunshibowuguan.shtml,Ow5fqi6DQXmgD5PGSB7QBdHF,106989,933967372
"大望路",116.482387,39.914135,27,12,1,http://bj.bendibao.com/ditie/zddawanglu.shtml,Ow5fqi6DQXmgD5PGSB7QBdHF,106989,933967390
"花园桥",116.317559,39.938382,4,12,2,http://bj.bendibao.com/ditie/zdhuayuanqiao.shtml,Ow5fqi6DQXmgD5PGSB7QBdHF,106989,933967407
"白石桥南",116.317559,39.938382,30,12,3,http://bj.bendibao.com/ditie/zdbaishiqiaonan.shtml,Ow5fqi6DQXmgD5PGSB7QBdHF,106989,933967422
"人民大学",116.32809,39.97277,3,10,3,http://bj.bendibao.com/ditie/zdrenmindaxue.shtml,Ow5fqi6DQXmgD5PGSB7QBdHF,106989,933967435
"知春里",116.336091,39.982061,29,10,1,http://bj.bendibao.com/ditie/zdzhichunli.shtml,Ow5fqi6DQXmgD5PGSB7QBdHF,106989,933967445
"奥林匹克公园",116.399289,40.007194,39,11,3,http://bj.bendibao.com/ditie/zdaolinpikegongyuan.shtml,Ow5fqi6DQXmgD5PGSB7QBdHF,106989,933967460
"劲松",116.46801,39.890027,14,10,3,http://bj.bendibao.com/ditie/zdjinsong.shtml,Ow5fqi6DQXmgD5PGSB7QBdHF,106989,933967475
"北京南站",116.384955,39.871457,38,10,3,http://bj.bendibao.com/ditie/zdbeijingnanzhan.shtml,Ow5fqi6DQXmgD5PGSB7QBdHF,106989,933967484
"蒲黄榆",116.428185,39.871699,13,11,1,http://bj.bendibao.com/ditie/zdpuhuangyu.shtml,Ow5fqi6DQXmgD5PGSB7QBdHF,106989,933967493
"北京西站",116.327874,39.901712,41,11,3,http://bj.bendibao.com/ditie/zdbeijingxizhan.shtml,Ow5fqi6DQXmgD5PGSB7QBdHF,106989,933967502
"公主坟",116.316696,39.913509,17,12,1,http://bj.bendibao.com/ditie/zdgongzhufen.shtml,Ow5fqi6DQXmgD5PGSB7QBdHF,106989,933967514
"大屯路东",116.423892,40.010107,40,11,2,http://bj.bendibao.com/ditie/zddatunludong.shtml,Ow5fqi6DQXmgD5PGSB7QBdHF,106989,933967524
"望京西",116.455596,40.001109,16,12,3,http://bj.bendibao.com/ditie/zdwangjingxi.shtml,Ow5fqi6DQXmgD5PGSB7QBdHF,106989,933967539
"潘家园",116.467741,39.881735,43,11,2,http://bj.bendibao.com/ditie/zdpanjiayuan.shtml,Ow5fqi6DQXmgD5PGSB7QBdHF,106989,933967548
"海淀黄庄",116.324348,39.981865,19,11,1,http://bj.bendibao.com/ditie/zdhaidianhuangzhuang.shtml,Ow5fqi6DQXmgD5PGSB7QBdHF,106989,933967556
"五道口",116.344434,39.998568,42,11,2,http://bj.bendibao.com/ditie/zdwudaokou.shtml,Ow5fqi6DQXmgD5PGSB7QBdHF,106989,933967568
"莲花桥",116.316823,39.904081,18,11,2,http://bj.bendibao.com/ditie/zdlianhuaqiao.shtml,Ow5fqi6DQXmgD5PGSB7QBdHF,106989,933967577
"刘家窑",116.428565,39.863697,46,11,2,http://bj.bendibao.com/ditie/zdliujiayao.shtml,Ow5fqi6DQXmgD5PGSB7QBdHF,106989,933967591
"森林公园南门",116.399036,40.016211,21,10,3,http://bj.bendibao.com/ditie/zdsenlingongyuannanmen.shtml,Ow5fqi6DQXmgD5PGSB7QBdHF,106989,933967603
"西钓鱼台",116.304186,39.929671,44,11,3,http://bj.bendibao.com/ditie/zdxidiaoyutai.shtml,Ow5fqi6DQXmgD5PGSB7QBdHF,106989,933967613
"四惠",116.501945,39.91486,20,12,1,http://bj.bendibao.com/ditie/zdsihui.shtml,Ow5fqi6DQXmgD5PGSB7QBdHF,106989,933967619
"六里桥东",116.320819,39.892267,15,12,1,http://bj.bendibao.com/ditie/zdliuliqiaodong.shtml,Ow5fqi6DQXmgD5PGSB7QBdHF,106989,933967626
"慈寿寺",116.300677,39.93927,41,12,3,http://bj.bendibao.com/ditie/zdcishousi.shtml,Ow5fqi6DQXmgD5PGSB7QBdHF,106989,933967638
"十里堡",116.508479,39.929238,14,12,1,http://bj.bendibao.com/ditie/zdshilibao.shtml,Ow5fqi6DQXmgD5PGSB7QBdHF,106989,933967650
"中关村",116.323066,39.989956,40,12,2,http://bj.bendibao.com/ditie/zdzhongguancun.shtml,Ow5fqi6DQXmgD5PGSB7QBdHF,106989,933967665
"十里河",116.465751,39.871575,18,10,1,http://bj.bendibao.com/ditie/zdshilihe.shtml,Ow5fqi6DQXmgD5PGSB7QBdHF,106989,933967675
"马家堡",116.377878,39.859199,43,11,1,http://bj.bendibao.com/ditie/zdmajiabao.shtml,Ow5fqi6DQXmgD5PGSB7QBdHF,106989,933967681
"车道沟",116.300274,39.954895,16,11,1,http://bj.bendibao.com/ditie/zdchedaogou.shtml,Ow5fqi6DQXmgD5PGSB7QBdHF,106989,933967694
"苏州街",116.312768,39.981704,42,10,2,http://bj.bendibao.com/ditie/zdsuzhoujie.shtml,Ow5fqi6DQXmgD5PGSB7QBdHF,106989,933967698
"万寿路",116.30155,39.91371,20,11,1,http://bj.bendibao.com/ditie/zdwanshoulu.shtml,Ow5fqi6DQXmgD5PGSB7QBdHF,106989,933967705
"长春桥",116.300461,39.964876,45,11,1,http://bj.bendibao.com/ditie/zdchangchunqiao.shtml,Ow5fqi6DQXmgD5PGSB7QBdHF,106989,933967716
"望京",116.476025,40.004254,19,11,3,http://bj.bendibao.com/ditie/zdwangjing.shtml,Ow5fqi6DQXmgD5PGSB7QBdHF,106989,933967723
"大红门",116.404916,39.851803,44,12,1,http://bj.bendibao.com/ditie/zddahongmen.shtml,Ow5fqi6DQXmgD5PGSB7QBdHF,106989,933967731
"北京大学东门",116.322265,39.998006,22,12,2,http://bj.bendibao.com/ditie/zdbeijingdaxuedongmen.shtml,Ow5fqi6DQXmgD5PGSB7QBdHF,106989,933967742
"石榴庄",116.420566,39.852109,47,12,2,http://bj.bendibao.com/ditie/zdshiliuzhuang.shtml,Ow5fqi6DQXmgD5PGSB7QBdHF,106989,933967760
"角门东",116.392751,39.851487,21,10,1,http://bj.bendibao.com/ditie/zdjiaomendong.shtml,Ow5fqi6DQXmgD5PGSB7QBdHF,106989,933967769
"角门西",116.377644,39.851929,46,12,2,http://bj.bendibao.com/ditie/zdjiaomenxi.shtml,Ow5fqi6DQXmgD5PGSB7QBdHF,106989,933967781
"宋家庄",116.434919,39.852041,7,12,1,http://bj.bendibao.com/ditie/zdsongjiazhuang.shtml,Ow5fqi6DQXmgD5PGSB7QBdHF,106989,933967807
"六里桥",116.30961,39.886428,32,10,3,http://bj.bendibao.com/ditie/zdliuliqiao.shtml,Ow5fqi6DQXmgD5PGSB7QBdHF,106989,933967822
"巴沟",116.30051,39.980389,5,11,3,http://bj.bendibao.com/ditie/zdbagou.shtml,Ow5fqi6DQXmgD5PGSB7QBdHF,106989,933967837
"火器营",116.29561,39.972383,31,10,2,http://bj.bendibao.com/ditie/zdhuoqiying.shtml,Ow5fqi6DQXmgD5PGSB7QBdHF,106989,933967848
"分钟寺",116.460348,39.857886,9,11,3,http://bj.bendibao.com/ditie/zdfeizhongsi.shtml,Ow5fqi6DQXmgD5PGSB7QBdHF,106989,933967862
"林萃桥",116.378905,40.027995,34,10,3,http://bj.bendibao.com/ditie/zdlincuiqiao.shtml,Ow5fqi6DQXmgD5PGSB7QBdHF,106989,933967878
"青年路",116.523829,39.929469,8,10,2,http://bj.bendibao.com/ditie/zdkemnianlu.shtml,Ow5fqi6DQXmgD5PGSB7QBdHF,106989,933967890
"四惠东",116.522346,39.914957,33,10,1,http://bj.bendibao.com/ditie/zdsihuidong.shtml,Ow5fqi6DQXmgD5PGSB7QBdHF,106989,933967906
"草桥",116.359241,39.851597,11,12,1,http://bj.bendibao.com/ditie/zdcaoqiao.shtml,Ow5fqi6DQXmgD5PGSB7QBdHF,106989,933967918
"海淀五路居",116.282736,39.9386,36,10,2,http://bj.bendibao.com/ditie/zdhaidianwuluju.shtml,Ow5fqi6DQXmgD5PGSB7QBdHF,106989,933967926
"成寿寺",116.454315,39.851457,10,10,3,http://bj.bendibao.com/ditie/zdchengshousi.shtml,Ow5fqi6DQXmgD5PGSB7QBdHF,106989,933967936
"圆明园",116.315938,40.005466,35,10,1,http://bj.bendibao.com/ditie/zdyuanmingyuan.shtml,Ow5fqi6DQXmgD5PGSB7QBdHF,106989,933967950
"公益西桥",116.377314,39.843056,13,10,1,http://bj.bendibao.com/ditie/zdgongyixiqiao.shtml,Ow5fqi6DQXmgD5PGSB7QBdHF,106989,933967966
"西局",116.309898,39.87224,39,11,3,http://bj.bendibao.com/ditie/zdxiju.shtml,Ow5fqi6DQXmgD5PGSB7QBdHF,106989,933967973
"五棵松",116.280423,39.913833,12,10,3,http://bj.bendibao.com/ditie/zdwukesong.shtml,Ow5fqi6DQXmgD5PGSB7QBdHF,106989,933967982
"北苑路北",116.424525,40.036821,38,10,3,http://bj.bendibao.com/ditie/zdbeiyuanlubei.shtml,Ow5fqi6DQXmgD5PGSB7QBdHF,106989,933967997
"纪家庙",116.339533,39.850124,42,11,1,http://bj.bendibao.com/ditie/zdjijiamiao.shtml,Ow5fqi6DQXmgD5PGSB7QBdHF,106989,933968012
"七里庄",116.300779,39.873436,18,10,2,http://bj.bendibao.com/ditie/zdqilizhuang.shtml,Ow5fqi6DQXmgD5PGSB7QBdHF,106989,933968026
"泥洼",116.310813,39.8647,41,12,1,http://bj.bendibao.com/ditie/zdniwa.shtml,Ow5fqi6DQXmgD5PGSB7QBdHF,106989,933968039
"高碑店",116.538,39.915798,17,12,2,http://bj.bendibao.com/ditie/zdgaobeidian.shtml,Ow5fqi6DQXmgD5PGSB7QBdHF,106989,933968052
"肖村",116.455024,39.839926,44,11,3,http://bj.bendibao.com/ditie/zdxiaocun.shtml,Ow5fqi6DQXmgD5PGSB7QBdHF,106989,933968063
"西苑",116.297156,40.004714,20,11,1,http://bj.bendibao.com/ditie/zdxiyuan.shtml,Ow5fqi6DQXmgD5PGSB7QBdHF,106989,933968076
"首经贸",116.32612,39.850327,43,10,1,http://bj.bendibao.com/ditie/zdshoujingmao.shtml,Ow5fqi6DQXmgD5PGSB7QBdHF,106989,933968086
"立水桥南",116.420973,40.048143,19,11,2,http://bj.bendibao.com/ditie/zdlishuiqiaonan.shtml,Ow5fqi6DQXmgD5PGSB7QBdHF,106989,933968101
"永泰庄",116.361159,40.043692,47,11,2,http://bj.bendibao.com/ditie/zdyongtaizhuang.shtml,Ow5fqi6DQXmgD5PGSB7QBdHF,106989,933968108
"丰台站",116.312357,39.853606,22,12,2,http://bj.bendibao.com/ditie/zdfengtaizhan.shtml,Ow5fqi6DQXmgD5PGSB7QBdHF,106989,933968114
"丰台东大街",116.300215,39.86144,45,12,1,http://bj.bendibao.com/ditie/zdfengtaidongdajie.shtml,Ow5fqi6DQXmgD5PGSB7QBdHF,106989,933968128
"北苑",116.441308,40.048865,21,12,2,http://bj.bendibao.com/ditie/zdbeiyuan.shtml,Ow5fqi6DQXmgD5PGSB7QBdHF,106989,933968137
"小红门",116.465808,39.83399,49,10,1,http://bj.bendibao.com/ditie/zdxiaohongmen.shtml,Ow5fqi6DQXmgD5PGSB7QBdHF,106989,933968145
"玉泉路",116.25947,39.913501,24,12,1,http://bj.bendibao.com/ditie/zdyuquanlu.shtml,Ow5fqi6DQXmgD5PGSB7QBdHF,106989,933968158
"崔各庄",116.499145,40.028437,48,12,2,http://bj.bendibao.com/ditie/zdcuigezhuang.shtml,Ow5fqi6DQXmgD5PGSB7QBdHF,106989,933968173
"大井",116.281826,39.871571,23,10,2,http://bj.bendibao.com/ditie/zddajing.shtml,Ow5fqi6DQXmgD5PGSB7QBdHF,106989,933968177
"北宫门",116.28399,40.008678,33,12,2,http://bj.bendibao.com/ditie/zdbeigongmen.shtml,Ow5fqi6DQXmgD5PGSB7QBdHF,106989,933968210
"上地",116.326836,40.038699,9,11,1,http://bj.bendibao.com/ditie/zdshangdi.shtml,Ow5fqi6DQXmgD5PGSB7QBdHF,106989,933968229
"西小口",116.358213,40.052716,32,10,2,http://bj.bendibao.com/ditie/zdxixiaokou.shtml,Ow5fqi6DQXmgD5PGSB7QBdHF,106989,933968240
"丰台南路",116.302854,39.847201,8,11,2,http://bj.bendibao.com/ditie/zdfengtainanlu.shtml,Ow5fqi6DQXmgD5PGSB7QBdHF,106989,933968251
"立水桥",116.418274,40.059244,36,10,1,http://bj.bendibao.com/ditie/zdlishuiqiao.shtml,Ow5fqi6DQXmgD5PGSB7QBdHF,106989,933968264
"传媒大学",116.561375,39.915197,11,11,3,http://bj.bendibao.com/ditie/zdchuanmeidaxue.shtml,Ow5fqi6DQXmgD5PGSB7QBdHF,106989,933968272
"新宫",116.372097,39.818302,34,10,2,http://bj.bendibao.com/ditie/zdxingong.shtml,Ow5fqi6DQXmgD5PGSB7QBdHF,106989,933968288
"科怡路",116.303808,39.838664,10,12,2,http://bj.bendibao.com/ditie/zdkeyilu.shtml,Ow5fqi6DQXmgD5PGSB7QBdHF,106989,933968297
"安河桥北",116.276432,40.018657,38,12,3,http://bj.bendibao.com/ditie/zdanheqiaobei.shtml,Ow5fqi6DQXmgD5PGSB7QBdHF,106989,933968309
"八宝山",116.242277,39.913185,13,10,2,http://bj.bendibao.com/ditie/zdbabaoshan.shtml,Ow5fqi6DQXmgD5PGSB7QBdHF,106989,933968323
"褡裢坡",116.570223,39.929826,37,10,3,http://bj.bendibao.com/ditie/zddalianpo.shtml,Ow5fqi6DQXmgD5PGSB7QBdHF,106989,933968330
"马泉营",116.509638,40.039847,12,10,2,http://bj.bendibao.com/ditie/zdmaquanying.shtml,Ow5fqi6DQXmgD5PGSB7QBdHF,106989,933968341
"郭庄子",116.259835,39.870755,40,10,2,http://bj.bendibao.com/ditie/zdguozhuangzi.shtml,Ow5fqi6DQXmgD5PGSB7QBdHF,106989,933968354
"丰台科技园",116.303639,39.831449,15,12,1,http://bj.bendibao.com/ditie/zdfengtaikejiyuan.shtml,Ow5fqi6DQXmgD5PGSB7QBdHF,106989,933968363
"育新",116.353997,40.066124,39,11,1,http://bj.bendibao.com/ditie/zdyuxin.shtml,Ow5fqi6DQXmgD5PGSB7QBdHF,106989,933968372
"天通苑南",116.419113,40.072752,14,10,2,http://bj.bendibao.com/ditie/zdtiantongyuannan.shtml,Ow5fqi6DQXmgD5PGSB7QBdHF,106989,933968386
"旧宫",116.467432,39.812543,10,12,2,http://bj.bendibao.com/ditie/zdjiugong.shtml,Ow5fqi6DQXmgD5PGSB7QBdHF,106989,933968402
"郭公庄",116.303039,39.824182,35,11,2,http://bj.bendibao.com/ditie/zdguogongzhuang.shtml,Ow5fqi6DQXmgD5PGSB7QBdHF,106989,933968411
"黄渠",116.584917,39.929937,9,10,3,http://bj.bendibao.com/ditie/zdhuangqu.shtml,Ow5fqi6DQXmgD5PGSB7QBdHF,106989,933968421
"双桥",116.583332,39.915885,34,10,1,http://bj.bendibao.com/ditie/zdshuangqiao.shtml,Ow5fqi6DQXmgD5PGSB7QBdHF,106989,933968432
"西二旗",116.312615,40.058922,12,10,1,http://bj.bendibao.com/ditie/zdxierqi.shtml,Ow5fqi6DQXmgD5PGSB7QBdHF,106989,933968436
"霍营",116.366721,40.077129,37,12,3,http://bj.bendibao.com/ditie/zdhuoying.shtml,Ow5fqi6DQXmgD5PGSB7QBdHF,106989,933968451
"大瓦窑",116.246953,39.865215,11,11,3,http://bj.bendibao.com/ditie/zddawayao.shtml,Ow5fqi6DQXmgD5PGSB7QBdHF,106989,933968458
"天通苑",116.419233,40.081478,36,11,3,http://bj.bendibao.com/ditie/zdtiantongyuan.shtml,Ow5fqi6DQXmgD5PGSB7QBdHF,106989,933968468
"亦庄桥",116.486851,39.808826,14,11,1,http://bj.bendibao.com/ditie/zdyizhuangqiao.shtml,Ow5fqi6DQXmgD5PGSB7QBdHF,106989,933968476
"亦庄文化园",116.49701,39.812839,40,12,2,http://bj.bendibao.com/ditie/zdyizhuangwenhuayuan.shtml,Ow5fqi6DQXmgD5PGSB7QBdHF,106989,933968494
"八角游乐园",116.21939,39.913076,13,11,2,http://bj.bendibao.com/ditie/zdbajiaoyouleyuan.shtml,Ow5fqi6DQXmgD5PGSB7QBdHF,106989,933968509
"回龙观",116.34232,40.076428,39,10,2,http://bj.bendibao.com/ditie/zdhuilongguan.shtml,Ow5fqi6DQXmgD5PGSB7QBdHF,106989,933968523
"大葆台",116.29816,39.814112,16,10,1,http://bj.bendibao.com/ditie/zddabaotai.shtml,Ow5fqi6DQXmgD5PGSB7QBdHF,106989,933968532
"回龙观东大街",116.369307,40.086017,42,12,3,http://bj.bendibao.com/ditie/zdhuilongguandongdajie.shtml,Ow5fqi6DQXmgD5PGSB7QBdHF,106989,933968545
"龙泽",116.326173,40.076647,15,12,2,http://bj.bendibao.com/ditie/zdlongze.shtml,Ow5fqi6DQXmgD5PGSB7QBdHF,106989,933968551
"天通苑北",116.419385,40.089597,41,10,1,http://bj.bendibao.com/ditie/zdtiantongyuanbei.shtml,Ow5fqi6DQXmgD5PGSB7QBdHF,106989,933968567
"西红门",116.335169,39.795445,51,10,1,http://bj.bendibao.com/ditie/zdxihongmen.shtml,Ow5fqi6DQXmgD5PGSB7QBdHF,106989,933968578
"万源街",116.511928,39.809251,26,10,3,http://bj.bendibao.com/ditie/zdwanyuanjie.shtml,Ow5fqi6DQXmgD5PGSB7QBdHF,106989,933968589
"孙河",116.54104,40.051264,50,12,1,http://bj.bendibao.com/ditie/zdsunhe.shtml,Ow5fqi6DQXmgD5PGSB7QBdHF,106989,933968601
"常营",116.605447,39.93151,25,11,3,http://bj.bendibao.com/ditie/zdchangying.shtml,Ow5fqi6DQXmgD5PGSB7QBdHF,106989,933968616
"管庄",116.605782,39.914907,3,12,2,http://bj.bendibao.com/ditie/zdguanzhuang.shtml,Ow5fqi6DQXmgD5PGSB7QBdHF,106989,933968630
"平西府",116.357247,40.095792,29,12,1,http://bj.bendibao.com/ditie/zdpingxifu.shtml,Ow5fqi6DQXmgD5PGSB7QBdHF,106989,933968643
"古城",116.197072,39.913414,52,12,3,http://bj.bendibao.com/ditie/zdgucheng.shtml,Ow5fqi6DQXmgD5PGSB7QBdHF,106989,933968654
"育知路",116.333898,40.09371,28,11,1,http://bj.bendibao.com/ditie/zdyuzhilu.shtml,Ow5fqi6DQXmgD5PGSB7QBdHF,106989,933968665
"荣京东街",116.519744,39.799616,5,12,3,http://bj.bendibao.com/ditie/zdrongjingdongjie.shtml,Ow5fqi6DQXmgD5PGSB7QBdHF,106989,933968687
"高米店北",116.337331,39.779548,31,12,1,http://bj.bendibao.com/ditie/zdgaomidianbei.shtml,Ow5fqi6DQXmgD5PGSB7QBdHF,106989,933968702
"园博园",116.208364,39.867099,4,10,1,http://bj.bendibao.com/ditie/zdyuanboyuan.shtml,Ow5fqi6DQXmgD5PGSB7QBdHF,106989,933968716
"高米店南",116.351177476,39.7760488842,30,10,3,http://bj.bendibao.com/ditie/zdgaomidiannan.shtml,Ow5fqi6DQXmgD5PGSB7QBdHF,106989,933968731
"草房",116.622546,39.930673,8,10,3,http://bj.bendibao.com/ditie/zdcaofang.shtml,Ow5fqi6DQXmgD5PGSB7QBdHF,106989,933968745
"苹果园",116.18407,39.932391,33,12,3,http://bj.bendibao.com/ditie/zdpingguoyuan.shtml,Ow5fqi6DQXmgD5PGSB7QBdHF,106989,933968758
"八里桥",116.625141,39.912218,6,11,2,http://bj.bendibao.com/ditie/zdbaliqiao.shtml,Ow5fqi6DQXmgD5PGSB7QBdHF,106989,933968774
"荣昌东街",116.528038,39.789194,32,11,3,http://bj.bendibao.com/ditie/zdrongchangdongjie.shtml,Ow5fqi6DQXmgD5PGSB7QBdHF,106989,933968790
"高米店南",116.33841,39.769059,27,11,1,http://bj.bendibao.com/ditie/zdgaomidiannan.shtml,Ow5fqi6DQXmgD5PGSB7QBdHF,106989,933968799
"张郭庄",116.193406,39.864102,3,12,2,http://bj.bendibao.com/ditie/zdzhangguozhuang.shtml,Ow5fqi6DQXmgD5PGSB7QBdHF,106989,933968810
"生命科学园",116.30055,40.100975,26,11,1,http://bj.bendibao.com/ditie/zdshengmingkexueyuan.shtml,Ow5fqi6DQXmgD5PGSB7QBdHF,106989,933968817
"国展",116.561721,40.075932,52,10,3,http://bj.bendibao.com/ditie/zdguozhan.shtml,Ow5fqi6DQXmgD5PGSB7QBdHF,106989,933968832
"朱辛庄",116.320135,40.110335,30,10,3,http://bj.bendibao.com/ditie/zdzhouxinzhuang.shtml,Ow5fqi6DQXmgD5PGSB7QBdHF,106989,933968844
"通州北苑",116.64361,39.910064,5,12,1,http://bj.bendibao.com/ditie/zdtongzhoubeiyuan.shtml,Ow5fqi6DQXmgD5PGSB7QBdHF,106989,933968860
"枣园",116.338975,39.759079,28,10,1,http://bj.bendibao.com/ditie/zdzaoyuan.shtml,Ow5fqi6DQXmgD5PGSB7QBdHF,106989,933968870
"同济南路",116.546383,39.779147,4,10,3,http://bj.bendibao.com/ditie/zdtongjinanlu.shtml,Ow5fqi6DQXmgD5PGSB7QBdHF,106989,933968886
"果园",116.653044,39.89966,32,12,2,http://bj.bendibao.com/ditie/zdguoyuan.shtml,Ow5fqi6DQXmgD5PGSB7QBdHF,106989,933968900
"稻田",116.225429,39.800509,7,11,3,http://bj.bendibao.com/ditie/zddaotian.shtml,Ow5fqi6DQXmgD5PGSB7QBdHF,106989,933968907
"花梨坎",116.564223,40.090312,31,11,2,http://bj.bendibao.com/ditie/zdhualihem.shtml,Ow5fqi6DQXmgD5PGSB7QBdHF,106989,933968918
"经海路",116.568912,39.789493,6,10,1,http://bj.bendibao.com/ditie/zdjinghailu.shtml,Ow5fqi6DQXmgD5PGSB7QBdHF,106989,933968936
"清源路",116.339019,39.748354,34,10,2,http://bj.bendibao.com/ditie/zdqingyuanlu.shtml,Ow5fqi6DQXmgD5PGSB7QBdHF,106989,933968949
"次渠",116.597911,39.809191,9,12,1,http://bj.bendibao.com/ditie/zdciqu.shtml,Ow5fqi6DQXmgD5PGSB7QBdHF,106989,933968956
"次渠南",116.587934,39.800804,33,11,3,http://bj.bendibao.com/ditie/zdciqunan.shtml,Ow5fqi6DQXmgD5PGSB7QBdHF,106989,933968964
"九棵树",116.663898,39.896424,8,12,1,http://bj.bendibao.com/ditie/zdjiukeshu.shtml,Ow5fqi6DQXmgD5PGSB7QBdHF,106989,933968977
T3航站楼,116.621643,40.058878,19,10,2,http://bj.bendibao.com/ditie/zdT3hangzhanlou.shtml,Ow5fqi6DQXmgD5PGSB7QBdHF,106989,933968988
"黄村西大街",116.339128,39.73738,44,10,1,http://bj.bendibao.com/ditie/zdhuangcunxidajie.shtml,Ow5fqi6DQXmgD5PGSB7QBdHF,106989,933968997
T2航站楼,116.599563,40.085492,17,12,1,http://bj.bendibao.com/ditie/zdT2hangzhanlou.shtml,Ow5fqi6DQXmgD5PGSB7QBdHF,106989,933969010
"梨园",116.675218,39.889716,43,12,2,http://bj.bendibao.com/ditie/zdliyuan.shtml,Ow5fqi6DQXmgD5PGSB7QBdHF,106989,933969025
"巩华城",116.300434,40.137318,21,11,1,http://bj.bendibao.com/ditie/zdgonghuacheng.shtml,Ow5fqi6DQXmgD5PGSB7QBdHF,106989,933969036
"黄村火车站",116.339482,39.728326,46,12,3,http://bj.bendibao.com/ditie/zdhuangcunhuochezhan.shtml,Ow5fqi6DQXmgD5PGSB7QBdHF,106989,933969044
"长阳",116.219263,39.769411,20,11,3,http://bj.bendibao.com/ditie/zdchangyang.shtml,Ow5fqi6DQXmgD5PGSB7QBdHF,106989,933969064
"后沙峪",116.570793,40.119865,45,11,1,http://bj.bendibao.com/ditie/zdhoushayu.shtml,Ow5fqi6DQXmgD5PGSB7QBdHF,106989,933969081
"临河里",116.685467,39.881239,23,11,3,http://bj.bendibao.com/ditie/zdlinheli.shtml,Ow5fqi6DQXmgD5PGSB7QBdHF,106989,933969107
"义和庄",116.325538,39.718297,48,11,1,http://bj.bendibao.com/ditie/zdyihezhuang.shtml,Ow5fqi6DQXmgD5PGSB7QBdHF,106989,933969125
"土桥",116.69298,39.877629,22,10,3,http://bj.bendibao.com/ditie/zdtuqiao.shtml,Ow5fqi6DQXmgD5PGSB7QBdHF,106989,933969150
"沙河",116.295058,40.154693,47,12,3,http://bj.bendibao.com/ditie/zdshahe.shtml,Ow5fqi6DQXmgD5PGSB7QBdHF,106989,933969178
"篱笆房",116.195928,39.766697,25,10,2,http://bj.bendibao.com/ditie/zdlibafang.shtml,Ow5fqi6DQXmgD5PGSB7QBdHF,106989,933969198
"广阳城",116.191395,39.754016,51,12,3,http://bj.bendibao.com/ditie/zdguangyangcheng.shtml,Ow5fqi6DQXmgD5PGSB7QBdHF,106989,933969220
"沙河高教园",116.286757,40.171012,24,11,1,http://bj.bendibao.com/ditie/zdshahegaojiaoyuan.shtml,Ow5fqi6DQXmgD5PGSB7QBdHF,106989,933969250
"生物医药基地",116.328329,39.692307,50,11,3,http://bj.bendibao.com/ditie/zdshengwuyiyaojidi.shtml,Ow5fqi6DQXmgD5PGSB7QBdHF,106989,933969263
"南法信",116.61503,40.134246,45,10,2,http://bj.bendibao.com/ditie/zdnanfaxin.shtml,Ow5fqi6DQXmgD5PGSB7QBdHF,106989,933969274
"良乡大学城北",116.189861,39.736109,20,10,1,http://bj.bendibao.com/ditie/zdliangxiangdaxuechengbei.shtml,Ow5fqi6DQXmgD5PGSB7QBdHF,106989,933969288
"天宫院",116.326437,39.676122,44,12,1,http://bj.bendibao.com/ditie/zdtiangongyuan.shtml,Ow5fqi6DQXmgD5PGSB7QBdHF,106989,933969305
"良乡大学城",116.182872,39.729499,19,10,1,http://bj.bendibao.com/ditie/zdliangxiangdaxuecheng.shtml,Ow5fqi6DQXmgD5PGSB7QBdHF,106989,933969321
"石门",116.647499,40.136314,47,11,2,http://bj.bendibao.com/ditie/zdshimen.shtml,Ow5fqi6DQXmgD5PGSB7QBdHF,106989,933969335
"良乡大学城西",116.162684,39.7296,23,12,3,http://bj.bendibao.com/ditie/zdliangxiangdaxuechengxi.shtml,Ow5fqi6DQXmgD5PGSB7QBdHF,106989,933969346
"顺义",116.663478,40.136138,46,12,2,http://bj.bendibao.com/ditie/zdshunyi.shtml,Ow5fqi6DQXmgD5PGSB7QBdHF,106989,933969364
"良乡南关",116.147255,39.72947,22,12,3,http://bj.bendibao.com/ditie/zdliangxiangnanguan.shtml,Ow5fqi6DQXmgD5PGSB7QBdHF,106989,933969371
"南邵",116.293505,40.21343,49,10,1,http://bj.bendibao.com/ditie/zdnanshao.shtml,Ow5fqi6DQXmgD5PGSB7QBdHF,106989,933969374
"苏庄",116.131898,39.729197,25,11,3,http://bj.bendibao.com/ditie/zdsuzhuang.shtml,Ow5fqi6DQXmgD5PGSB7QBdHF,106989,933969382
"俸伯",116.69145,40.138304,48,10,3,http://bj.bendibao.com/ditie/zdfengbo.shtml,Ow5fqi6DQXmgD5PGSB7QBdHF,106989,933969396
"刘园",117.1222,39.214338,24,10,3,http://tj.bendibao.com/ditie/zdliuyuan.shtml,Ow5fqi6DQXmgD5PGSB7QBdHF,106989,933969407
"西横堤",117.128219,39.20644,52,12,2,http://tj.bendibao.com/ditie/zdxihengdi.shtml,Ow5fqi6DQXmgD5PGSB7QBdHF,106989,933969417
"果酒厂",117.134561,39.198248,27,12,3,http://tj.bendibao.com/ditie/zdguojiuchang.shtml,Ow5fqi6DQXmgD5PGSB7QBdHF,106989,933969425
"本溪路",117.145808,39.19165,50,12,1,http://tj.bendibao.com/ditie/zdbeneilu.shtml,Ow5fqi6DQXmgD5PGSB7QBdHF,106989,933969438
"丰产河",117.245997,39.243464,26,11,2,http://tj.bendibao.com/ditie/zdfengchanhe.shtml,Ow5fqi6DQXmgD5PGSB7QBdHF,106989,933969454
"曹庄",117.0984,39.151343,36,12,3,http://tj.bendibao.com/ditie/zdcaozhuang.shtml,Ow5fqi6DQXmgD5PGSB7QBdHF,106989,933969459
"华北集团",117.234247,39.233418,12,10,2,http://tj.bendibao.com/ditie/zdhuabeijituan.shtml,Ow5fqi6DQXmgD5PGSB7QBdHF,106989,933969501
"勤俭道",117.160253,39.184141,35,10,1,http://tj.bendibao.com/ditie/zdqinjiandao.shtml,Ow5fqi6DQXmgD5PGSB7QBdHF,106989,933969511
"卞兴",117.116025,39.152294,11,11,1,http://tj.bendibao.com/ditie/zdbianxin.shtml,Ow5fqi6DQXmgD5PGSB7QBdHF,106989,933969520
"小淀",117.265311,39.245853,38,10,2,http://tj.bendibao.com/ditie/zdxiaodian.shtml,Ow5fqi6DQXmgD5PGSB7QBdHF,106989,933969527
"天士力",117.220952,39.212274,14,11,2,http://tj.bendibao.com/ditie/zdtianshili.shtml,Ow5fqi6DQXmgD5PGSB7QBdHF,106989,933969538
"洪湖里",117.168661,39.176758,37,12,3,http://tj.bendibao.com/ditie/zdhonghuli.shtml,Ow5fqi6DQXmgD5PGSB7QBdHF,106989,933969551
"芥园西道",117.127685,39.148125,13,11,1,http://tj.bendibao.com/ditie/zdjieyuanxidao.shtml,Ow5fqi6DQXmgD5PGSB7QBdHF,106989,933969570
"宜兴埠",117.225049,39.203104,41,11,1,http://tj.bendibao.com/ditie/zdyixinbu.shtml,Ow5fqi6DQXmgD5PGSB7QBdHF,106989,933969591
"张兴庄",117.22088,39.198729,16,10,2,http://tj.bendibao.com/ditie/zdzhangxinzhuang.shtml,Ow5fqi6DQXmgD5PGSB7QBdHF,106989,933969616
"西站",117.173027,39.162366,39,10,3,http://tj.bendibao.com/ditie/zdxizhan.shtml,Ow5fqi6DQXmgD5PGSB7QBdHF,106989,933969634
"铁东路",117.214323,39.186663,15,12,1,http://tj.bendibao.com/ditie/zdtiedonglu.shtml,Ow5fqi6DQXmgD5PGSB7QBdHF,106989,933969649
"咸阳路",117.143333,39.143802,43,10,1,http://tj.bendibao.com/ditie/zdxianyanglu.shtml,Ow5fqi6DQXmgD5PGSB7QBdHF,106989,933969664
"长虹公园",117.157634,39.143676,18,12,2,http://tj.bendibao.com/ditie/zdchanghonggongyuan.shtml,Ow5fqi6DQXmgD5PGSB7QBdHF,106989,933969699
"西北角",117.178363,39.152071,42,11,1,http://tj.bendibao.com/ditie/zdxibeijiao.shtml,Ow5fqi6DQXmgD5PGSB7QBdHF,106989,933969713
"北站",117.215131,39.172399,17,12,1,http://tj.bendibao.com/ditie/zdbeizhan.shtml,Ow5fqi6DQXmgD5PGSB7QBdHF,106989,933969725
"广开四马路",117.169618,39.143579,22,11,2,http://tj.bendibao.com/ditie/zdguangkaisimalu.shtml,Ow5fqi6DQXmgD5PGSB7QBdHF,106989,933969741
"中山路",117.211808,39.168609,47,11,3,http://tj.bendibao.com/ditie/zdzhongshanlu.shtml,Ow5fqi6DQXmgD5PGSB7QBdHF,106989,933969749
"西南角",117.178726,39.142907,21,10,1,http://tj.bendibao.com/ditie/zdxinanjiao.shtml,Ow5fqi6DQXmgD5PGSB7QBdHF,106989,933969758
"鼓楼",117.190207,39.142641,46,10,3,http://tj.bendibao.com/ditie/zdgulou.shtml,Ow5fqi6DQXmgD5PGSB7QBdHF,106989,933969770
"二纬路",117.181381,39.136401,24,10,2,http://tj.bendibao.com/ditie/zderweilu.shtml,Ow5fqi6DQXmgD5PGSB7QBdHF,106989,933969781
"金狮桥",117.215221,39.156538,49,11,1,http://tj.bendibao.com/ditie/zdjinshiqiao.shtml,Ow5fqi6DQXmgD5PGSB7QBdHF,106989,933969802
"东南角",117.197052,39.142123,23,11,2,http://tj.bendibao.com/ditie/zddongnanjiao.shtml,Ow5fqi6DQXmgD5PGSB7QBdHF,106989,933969811
"海光寺",117.184166,39.127991,48,12,2,http://tj.bendibao.com/ditie/zdhaiguangsi.shtml,Ow5fqi6DQXmgD5PGSB7QBdHF,106989,933969824
"天津站",117.218581,39.144493,26,10,1,http://tj.bendibao.com/ditie/zdtianjinzhan.shtml,Ow5fqi6DQXmgD5PGSB7QBdHF,106989,933969832
"高新区",117.105179,39.078495,52,10,2,http://tj.bendibao.com/ditie/zdgaoxinqiu.shtml,Ow5fqi6DQXmgD5PGSB7QBdHF,106989,933969842
"华苑",117.135829,39.093968,25,12,3,http://tj.bendibao.com/ditie/zdhuayuan.shtml,Ow5fqi6DQXmgD5PGSB7QBdHF,106989,933969858
"鞍山道",117.194406,39.126046,51,10,2,http://tj.bendibao.com/ditie/zdanshandao.shtml,Ow5fqi6DQXmgD5PGSB7QBdHF,106989,933969875
"王顶堤",117.146249,39.098504,28,12,3,http://tj.bendibao.com/ditie/zdwangdingdi.shtml,Ow5fqi6DQXmgD5PGSB7QBdHF,106989,933969887
"津湾广场",117.214179,39.137008,4,10,2,http://tj.bendibao.com/ditie/zdjinwanguangchang.shtml,Ow5fqi6DQXmgD5PGSB7QBdHF,106989,933969900
"和平路",117.211323,39.132404,27,10,2,http://tj.bendibao.com/ditie/zdhepinglu.shtml,Ow5fqi6DQXmgD5PGSB7QBdHF,106989,933969909
"远洋国际中心",117.228641,39.142931,3,12,1,http://tj.bendibao.com/ditie/zdyuanyangguojizhongxin.shtml,Ow5fqi6DQXmgD5PGSB7QBdHF,106989,933969918
"红旗南路",117.155394,39.09884,13,12,3,http://tj.bendibao.com/ditie/zdhongqinanlu.shtml,Ow5fqi6DQXmgD5PGSB7QBdHF,106989,933969934
"大学城",117.118743,39.078649,38,10,2,http://tj.bendibao.com/ditie/zddaxuecheng.shtml,Ow5fqi6DQXmgD5PGSB7QBdHF,106989,933969941
"顺驰桥",117.241002,39.147702,12,10,1,http://tj.bendibao.com/ditie/zdshunchiqiao.shtml,Ow5fqi6DQXmgD5PGSB7QBdHF,106989,933969948
"营口道",117.204046,39.124372,37,12,3,http://tj.bendibao.com/ditie/zdyingkoudao.shtml,Ow5fqi6DQXmgD5PGSB7QBdHF,106989,933969959
"西康路",117.193662,39.11729,15,11,2,http://tj.bendibao.com/ditie/zdxikanglu.shtml,Ow5fqi6DQXmgD5PGSB7QBdHF,106989,933969966
"大王庄",117.225264,39.133552,41,11,1,http://tj.bendibao.com/ditie/zddawangzhuang.shtml,Ow5fqi6DQXmgD5PGSB7QBdHF,106989,933969978
"靖江路",117.250398,39.149185,14,12,1,http://tj.bendibao.com/ditie/zdjingjianglu.shtml,Ow5fqi6DQXmgD5PGSB7QBdHF,106989,933969988
"周邓纪念馆",117.17,39.098644,40,12,1,http://tj.bendibao.com/ditie/zdzhoudengjinianguan.shtml,Ow5fqi6DQXmgD5PGSB7QBdHF,106989,933970000
"翠阜新村",117.263334,39.15015,17,11,3,http://tj.bendibao.com/ditie/zdcuifuxincun.shtml,Ow5fqi6DQXmgD5PGSB7QBdHF,106989,933970012
"吴家窑",117.19253,39.106064,43,10,1,http://tj.bendibao.com/ditie/zdwujiayao.shtml,Ow5fqi6DQXmgD5PGSB7QBdHF,106989,933970024
"十一经路",117.230043,39.127842,16,11,1,http://tj.bendibao.com/ditie/zdshiyijinglu.shtml,Ow5fqi6DQXmgD5PGSB7QBdHF,106989,933970036
"天塔",117.184912,39.101262,42,12,1,http://tj.bendibao.com/ditie/zdtianta.shtml,Ow5fqi6DQXmgD5PGSB7QBdHF,106989,933970046
"小白楼",117.222218,39.120784,20,11,2,http://tj.bendibao.com/ditie/zdxiaobailou.shtml,Ow5fqi6DQXmgD5PGSB7QBdHF,106989,933970052
"屿东城",117.286348,39.15327,45,11,1,http://tj.bendibao.com/ditie/zdyudongcheng.shtml,Ow5fqi6DQXmgD5PGSB7QBdHF,106989,933970063
"下瓦房",117.229296,39.11156,18,12,3,http://tj.bendibao.com/ditie/zdxiawafang.shtml,Ow5fqi6DQXmgD5PGSB7QBdHF,106989,933970070
"直沽",117.240356,39.117234,44,11,3,http://tj.bendibao.com/ditie/zdzhigu.shtml,Ow5fqi6DQXmgD5PGSB7QBdHF,106989,933970078
"登州路",117.302751,39.157299,39,11,3,http://tj.bendibao.com/ditie/zddengzhoulu.shtml,Ow5fqi6DQXmgD5PGSB7QBdHF,106989,933970088
"国山路",117.315399,39.16018,15,11,1,http://tj.bendibao.com/ditie/zdguoshanlu.shtml,Ow5fqi6DQXmgD5PGSB7QBdHF,106989,933970095
"南楼",117.230195,39.102335,38,12,2,http://tj.bendibao.com/ditie/zdnanlou.shtml,Ow5fqi6DQXmgD5PGSB7QBdHF,106989,933970106
"东兴路",117.248548,39.110039,14,12,3,http://tj.bendibao.com/ditie/zddongxinlu.shtml,Ow5fqi6DQXmgD5PGSB7QBdHF,106989,933970115
"空港经济区",117.340965,39.164516,42,11,3,http://tj.bendibao.com/ditie/zdkonggangjingjiqiu.shtml,Ow5fqi6DQXmgD5PGSB7QBdHF,106989,933970129
"土城",117.238369,39.095657,17,11,3,http://tj.bendibao.com/ditie/zdtucheng.shtml,Ow5fqi6DQXmgD5PGSB7QBdHF,106989,933970141
"中山门",117.270409,39.107144,40,10,1,http://tj.bendibao.com/ditie/zdzhongshanmen.shtml,Ow5fqi6DQXmgD5PGSB7QBdHF,106989,933970152
"陈塘庄",117.254844,39.089749,16,10,3,http://tj.bendibao.com/ditie/zdchentangzhuang.shtml,Ow5fqi6DQXmgD5PGSB7QBdHF,106989,933970165
"一号桥",117.288986,39.101853,44,12,2,http://tj.bendibao.com/ditie/zdyihaoqiao.shtml,Ow5fqi6DQXmgD5PGSB7QBdHF,106989,933970174
"复兴门",117.266702,39.08321,19,12,1,http://tj.bendibao.com/ditie/zdfuxinmen.shtml,Ow5fqi6DQXmgD5PGSB7QBdHF,106989,933970186
"二号桥",117.299281,39.100915,43,10,1,http://tj.bendibao.com/ditie/zderhaoqiao.shtml,Ow5fqi6DQXmgD5PGSB7QBdHF,106989,933970193
"华山里",117.268391,39.07216,18,10,3,http://tj.bendibao.com/ditie/zdhuashanli.shtml,Ow5fqi6DQXmgD5PGSB7QBdHF,106989,933970204
"财经大学",117.283464,39.069765,46,11,2,http://tj.bendibao.com/ditie/zdcaijingdaxue.shtml,Ow5fqi6DQXmgD5PGSB7QBdHF,106989,933970215
"新立",117.342273,39.09194,21,10,1,http://tj.bendibao.com/ditie/zdxinli.shtml,Ow5fqi6DQXmgD5PGSB7QBdHF,106989,933970237
"双林",117.299382,39.062342,45,10,2,http://tj.bendibao.com/ditie/zdshuanglin.shtml,Ow5fqi6DQXmgD5PGSB7QBdHF,106989,933970249
"东丽开发区",117.363366,39.085793,20,11,1,http://tj.bendibao.com/ditie/zddonglikaifaqiu.shtml,Ow5fqi6DQXmgD5PGSB7QBdHF,106989,933970258
"小东庄",117.410006,39.070095,31,11,3,http://tj.bendibao.com/ditie/zdxiaodongzhuang.shtml,Ow5fqi6DQXmgD5PGSB7QBdHF,106989,933970265
"军粮城",117.462323,39.054056,6,12,2,http://tj.bendibao.com/ditie/zdjunliangcheng.shtml,Ow5fqi6DQXmgD5PGSB7QBdHF,106989,933970278
"钢管公司",117.510526,39.046001,29,10,3,http://tj.bendibao.com/ditie/zdgangguangongsi.shtml,Ow5fqi6DQXmgD5PGSB7QBdHF,106989,933970287
"胡家园",117.613616,39.047009,5,10,3,http://tj.bendibao.com/ditie/zdhujiayuan.shtml,Ow5fqi6DQXmgD5PGSB7QBdHF,106989,933970300
"塘沽站",117.667622,39.035198,33,12,1,http://tj.bendibao.com/ditie/zdtangguzhan.shtml,Ow5fqi6DQXmgD5PGSB7QBdHF,106989,933970313
"泰达",117.686235,39.031302,8,12,3,http://tj.bendibao.com/ditie/zdtaida.shtml,Ow5fqi6DQXmgD5PGSB7QBdHF,106989,933970330
"市民广场",117.709088,39.024561,32,10,1,http://tj.bendibao.com/ditie/zdshiminguangchang.shtml,Ow5fqi6DQXmgD5PGSB7QBdHF,106989,933970343
"东海路",117.743043,39.046771,7,11,1,http://tj.bendibao.com/ditie/zddonghailu.shtml,Ow5fqi6DQXmgD5PGSB7QBdHF,106989,933970356
"会展中心",117.73733,39.03566,35,12,3,http://tj.bendibao.com/ditie/zdhuizhanzhongxin.shtml,Ow5fqi6DQXmgD5PGSB7QBdHF,106989,933970361
